text,label
Normal network connection 8270 completed successfully,0
Normal network connection 1860 completed successfully,0
Normal network connection 6390 completed successfully,0
Normal network connection 6191 completed successfully,0
Normal network connection 6734 completed successfully,0
Normal network connection 7265 completed successfully,0
Normal network connection 1466 completed successfully,0
Normal network connection 5426 completed successfully,0
Normal network connection 6578 completed successfully,0
Normal network connection 9322 completed successfully,0
Normal network connection 2685 completed successfully,0
Normal network connection 1769 completed successfully,0
Normal network connection 7949 completed successfully,0
Normal network connection 3433 completed successfully,0
Normal network connection 6311 completed successfully,0
Normal network connection 6051 completed successfully,0
Normal network connection 7420 completed successfully,0
Normal network connection 2184 completed successfully,0
Normal network connection 5555 completed successfully,0
Normal network connection 4385 completed successfully,0
Normal network connection 7396 completed successfully,0
Normal network connection 9666 completed successfully,0
Normal network connection 3558 completed successfully,0
Normal network connection 8849 completed successfully,0
Normal network connection 3047 completed successfully,0
Normal network connection 3747 completed successfully,0
Normal network connection 1189 completed successfully,0
Normal network connection 3734 completed successfully,0
Normal network connection 4005 completed successfully,0
Normal network connection 5658 completed successfully,0
Normal network connection 2899 completed successfully,0
Normal network connection 8734 completed successfully,0
Normal network connection 2267 completed successfully,0
Normal network connection 2528 completed successfully,0
Normal network connection 4556 completed successfully,0
Normal network connection 4890 completed successfully,0
Normal network connection 9838 completed successfully,0
Normal network connection 6393 completed successfully,0
Normal network connection 9792 completed successfully,0
Normal network connection 9433 completed successfully,0
Normal network connection 8513 completed successfully,0
Normal network connection 3612 completed successfully,0
Normal network connection 8041 completed successfully,0
Normal network connection 7235 completed successfully,0
Normal network connection 6486 completed successfully,0
Normal network connection 8099 completed successfully,0
Normal network connection 1775 completed successfully,0
Normal network connection 9226 completed successfully,0
Normal network connection 4152 completed successfully,0
Normal network connection 2585 completed successfully,0
Normal network connection 4943 completed successfully,0
Normal network connection 8555 completed successfully,0
Normal network connection 4073 completed successfully,0
Normal network connection 2021 completed successfully,0
Normal network connection 4843 completed successfully,0
Normal network connection 8989 completed successfully,0
Normal network connection 7873 completed successfully,0
Normal network connection 6675 completed successfully,0
Normal network connection 1161 completed successfully,0
Normal network connection 5297 completed successfully,0
Normal network connection 1995 completed successfully,0
Normal network connection 8629 completed successfully,0
Normal network connection 2016 completed successfully,0
Normal network connection 8869 completed successfully,0
Normal network connection 7439 completed successfully,0
Normal network connection 8892 completed successfully,0
Normal network connection 7863 completed successfully,0
Normal network connection 8916 completed successfully,0
Normal network connection 9529 completed successfully,0
Normal network connection 1878 completed successfully,0
Normal network connection 5887 completed successfully,0
Normal network connection 5859 completed successfully,0
Normal network connection 7331 completed successfully,0
Normal network connection 9571 completed successfully,0
Normal network connection 9684 completed successfully,0
Normal network connection 8208 completed successfully,0
Normal network connection 6276 completed successfully,0
Normal network connection 3062 completed successfully,0
Normal network connection 1064 completed successfully,0
Normal network connection 9006 completed successfully,0
Normal network connection 3568 completed successfully,0
Normal network connection 6463 completed successfully,0
Normal network connection 3027 completed successfully,0
Normal network connection 3695 completed successfully,0
Normal network connection 6258 completed successfully,0
Normal network connection 6618 completed successfully,0
Normal network connection 7736 completed successfully,0
Normal network connection 1391 completed successfully,0
Normal network connection 6892 completed successfully,0
Normal network connection 4561 completed successfully,0
Normal network connection 7184 completed successfully,0
Normal network connection 4099 completed successfully,0
Normal network connection 7278 completed successfully,0
Normal network connection 9392 completed successfully,0
Normal network connection 4104 completed successfully,0
Normal network connection 8215 completed successfully,0
Normal network connection 3454 completed successfully,0
Normal network connection 9996 completed successfully,0
Normal network connection 3731 completed successfully,0
Normal network connection 9154 completed successfully,0
Normal network connection 6056 completed successfully,0
Normal network connection 9110 completed successfully,0
Normal network connection 4840 completed successfully,0
Normal network connection 2028 completed successfully,0
Normal network connection 8385 completed successfully,0
Normal network connection 1502 completed successfully,0
Normal network connection 7910 completed successfully,0
Normal network connection 7938 completed successfully,0
Normal network connection 5488 completed successfully,0
Normal network connection 1206 completed successfully,0
Normal network connection 6134 completed successfully,0
Normal network connection 6977 completed successfully,0
Normal network connection 8721 completed successfully,0
Normal network connection 8035 completed successfully,0
Normal network connection 2484 completed successfully,0
Normal network connection 8858 completed successfully,0
Normal network connection 1863 completed successfully,0
Normal network connection 3790 completed successfully,0
Normal network connection 8408 completed successfully,0
Normal network connection 9755 completed successfully,0
Normal network connection 6116 completed successfully,0
Normal network connection 7019 completed successfully,0
Normal network connection 2757 completed successfully,0
Normal network connection 8574 completed successfully,0
Normal network connection 7374 completed successfully,0
Normal network connection 7892 completed successfully,0
Normal network connection 2678 completed successfully,0
Normal network connection 4242 completed successfully,0
Normal network connection 5636 completed successfully,0
Normal network connection 2059 completed successfully,0
Normal network connection 7668 completed successfully,0
Normal network connection 4157 completed successfully,0
Normal network connection 6915 completed successfully,0
Normal network connection 3693 completed successfully,0
Normal network connection 4627 completed successfully,0
Normal network connection 6450 completed successfully,0
Normal network connection 2663 completed successfully,0
Normal network connection 6592 completed successfully,0
Normal network connection 8392 completed successfully,0
Normal network connection 2306 completed successfully,0
Normal network connection 7776 completed successfully,0
Normal network connection 6864 completed successfully,0
Normal network connection 8526 completed successfully,0
Normal network connection 9901 completed successfully,0
Normal network connection 6575 completed successfully,0
Normal network connection 6530 completed successfully,0
Normal network connection 5413 completed successfully,0
Normal network connection 4748 completed successfully,0
Normal network connection 1663 completed successfully,0
Normal network connection 2998 completed successfully,0
Normal network connection 8994 completed successfully,0
Normal network connection 2495 completed successfully,0
Normal network connection 4304 completed successfully,0
Normal network connection 4763 completed successfully,0
Normal network connection 6232 completed successfully,0
Normal network connection 2853 completed successfully,0
Normal network connection 7585 completed successfully,0
Normal network connection 2291 completed successfully,0
Normal network connection 4581 completed successfully,0
Normal network connection 8554 completed successfully,0
Normal network connection 8280 completed successfully,0
Normal network connection 2636 completed successfully,0
Normal network connection 4696 completed successfully,0
Normal network connection 1698 completed successfully,0
Normal network connection 5737 completed successfully,0
Normal network connection 1854 completed successfully,0
Normal network connection 9164 completed successfully,0
Normal network connection 6855 completed successfully,0
Normal network connection 8392 completed successfully,0
Normal network connection 7528 completed successfully,0
Normal network connection 6249 completed successfully,0
Normal network connection 6172 completed successfully,0
Normal network connection 2707 completed successfully,0
Normal network connection 6791 completed successfully,0
Normal network connection 6535 completed successfully,0
Normal network connection 5931 completed successfully,0
Normal network connection 4510 completed successfully,0
Normal network connection 1202 completed successfully,0
Normal network connection 5218 completed successfully,0
Normal network connection 9958 completed successfully,0
Normal network connection 5389 completed successfully,0
Normal network connection 3327 completed successfully,0
Normal network connection 9004 completed successfully,0
Normal network connection 3931 completed successfully,0
Normal network connection 8777 completed successfully,0
Normal network connection 1197 completed successfully,0
Normal network connection 8125 completed successfully,0
Normal network connection 2930 completed successfully,0
Normal network connection 7287 completed successfully,0
Normal network connection 9800 completed successfully,0
Normal network connection 5282 completed successfully,0
Normal network connection 3511 completed successfully,0
Normal network connection 1659 completed successfully,0
Normal network connection 3811 completed successfully,0
Normal network connection 8098 completed successfully,0
Normal network connection 7546 completed successfully,0
Normal network connection 2986 completed successfully,0
Normal network connection 9338 completed successfully,0
Normal network connection 3911 completed successfully,0
Normal network connection 2734 completed successfully,0
Normal network connection 2843 completed successfully,0
Normal network connection 9680 completed successfully,0
Normal network connection 3976 completed successfully,0
Normal network connection 2959 completed successfully,0
Normal network connection 6759 completed successfully,0
Normal network connection 7694 completed successfully,0
Normal network connection 3385 completed successfully,0
Normal network connection 5736 completed successfully,0
Normal network connection 2802 completed successfully,0
Normal network connection 9155 completed successfully,0
Normal network connection 9120 completed successfully,0
Normal network connection 7616 completed successfully,0
Normal network connection 6534 completed successfully,0
Normal network connection 5061 completed successfully,0
Normal network connection 1262 completed successfully,0
Normal network connection 7287 completed successfully,0
Normal network connection 9815 completed successfully,0
Normal network connection 3049 completed successfully,0
Normal network connection 6423 completed successfully,0
Normal network connection 5548 completed successfully,0
Normal network connection 4108 completed successfully,0
Normal network connection 8158 completed successfully,0
Normal network connection 8400 completed successfully,0
Normal network connection 4170 completed successfully,0
Normal network connection 3255 completed successfully,0
Normal network connection 2154 completed successfully,0
Normal network connection 5499 completed successfully,0
Normal network connection 7295 completed successfully,0
Normal network connection 7197 completed successfully,0
Normal network connection 2648 completed successfully,0
Normal network connection 6539 completed successfully,0
Normal network connection 5199 completed successfully,0
Normal network connection 9445 completed successfully,0
Normal network connection 3557 completed successfully,0
Normal network connection 6592 completed successfully,0
Normal network connection 1098 completed successfully,0
Normal network connection 3200 completed successfully,0
Normal network connection 3961 completed successfully,0
Normal network connection 5973 completed successfully,0
Normal network connection 5433 completed successfully,0
Normal network connection 3869 completed successfully,0
Normal network connection 1956 completed successfully,0
Normal network connection 9352 completed successfully,0
Normal network connection 6699 completed successfully,0
Normal network connection 7944 completed successfully,0
Normal network connection 5493 completed successfully,0
Normal network connection 5911 completed successfully,0
Normal network connection 4987 completed successfully,0
Normal network connection 7015 completed successfully,0
Normal network connection 2218 completed successfully,0
Normal network connection 5496 completed successfully,0
Normal network connection 5735 completed successfully,0
Normal network connection 5555 completed successfully,0
Normal network connection 9050 completed successfully,0
Normal network connection 4446 completed successfully,0
Normal network connection 2045 completed successfully,0
Normal network connection 7893 completed successfully,0
Normal network connection 2693 completed successfully,0
Normal network connection 4436 completed successfully,0
Normal network connection 9754 completed successfully,0
Normal network connection 6895 completed successfully,0
Normal network connection 4354 completed successfully,0
Normal network connection 1225 completed successfully,0
Normal network connection 5893 completed successfully,0
Normal network connection 8022 completed successfully,0
Normal network connection 6600 completed successfully,0
Normal network connection 8996 completed successfully,0
Normal network connection 8683 completed successfully,0
Normal network connection 5642 completed successfully,0
Normal network connection 8679 completed successfully,0
Normal network connection 9208 completed successfully,0
Normal network connection 8339 completed successfully,0
Normal network connection 3205 completed successfully,0
Normal network connection 2069 completed successfully,0
Normal network connection 4444 completed successfully,0
Normal network connection 2060 completed successfully,0
Normal network connection 3327 completed successfully,0
Normal network connection 4420 completed successfully,0
Normal network connection 1301 completed successfully,0
Normal network connection 1606 completed successfully,0
Normal network connection 4170 completed successfully,0
Normal network connection 1699 completed successfully,0
Normal network connection 6088 completed successfully,0
Normal network connection 1190 completed successfully,0
Normal network connection 1980 completed successfully,0
Normal network connection 3975 completed successfully,0
Normal network connection 7102 completed successfully,0
Normal network connection 2184 completed successfully,0
Normal network connection 4327 completed successfully,0
Normal network connection 4394 completed successfully,0
Normal network connection 9319 completed successfully,0
Normal network connection 2816 completed successfully,0
Normal network connection 6854 completed successfully,0
Normal network connection 7709 completed successfully,0
Normal network connection 1569 completed successfully,0
Normal network connection 6442 completed successfully,0
Normal network connection 2895 completed successfully,0
Normal network connection 3733 completed successfully,0
Normal network connection 4863 completed successfully,0
Normal network connection 8455 completed successfully,0
Normal network connection 5014 completed successfully,0
Normal network connection 2686 completed successfully,0
Normal network connection 4009 completed successfully,0
Normal network connection 8806 completed successfully,0
Normal network connection 1154 completed successfully,0
Normal network connection 2409 completed successfully,0
Normal network connection 1784 completed successfully,0
Normal network connection 9096 completed successfully,0
Normal network connection 8560 completed successfully,0
Normal network connection 8343 completed successfully,0
Normal network connection 8206 completed successfully,0
Normal network connection 6596 completed successfully,0
Normal network connection 6801 completed successfully,0
Normal network connection 3806 completed successfully,0
Normal network connection 1537 completed successfully,0
Normal network connection 6986 completed successfully,0
Normal network connection 2841 completed successfully,0
Normal network connection 9716 completed successfully,0
Normal network connection 7971 completed successfully,0
Normal network connection 6625 completed successfully,0
Normal network connection 3950 completed successfully,0
Normal network connection 8992 completed successfully,0
Normal network connection 5780 completed successfully,0
Normal network connection 3368 completed successfully,0
Normal network connection 7655 completed successfully,0
Normal network connection 9173 completed successfully,0
Normal network connection 5495 completed successfully,0
Normal network connection 7002 completed successfully,0
Normal network connection 7614 completed successfully,0
Normal network connection 6919 completed successfully,0
Normal network connection 1853 completed successfully,0
Normal network connection 5146 completed successfully,0
Normal network connection 4769 completed successfully,0
Normal network connection 1574 completed successfully,0
Normal network connection 2148 completed successfully,0
Normal network connection 7293 completed successfully,0
Normal network connection 7457 completed successfully,0
Normal network connection 8509 completed successfully,0
Normal network connection 5777 completed successfully,0
Normal network connection 4854 completed successfully,0
Normal network connection 3491 completed successfully,0
Normal network connection 4124 completed successfully,0
Normal network connection 6691 completed successfully,0
Normal network connection 4051 completed successfully,0
Normal network connection 1004 completed successfully,0
Normal network connection 6222 completed successfully,0
Normal network connection 6315 completed successfully,0
Normal network connection 5869 completed successfully,0
Normal network connection 1876 completed successfully,0
Normal network connection 8027 completed successfully,0
Normal network connection 5142 completed successfully,0
Normal network connection 7966 completed successfully,0
Normal network connection 8079 completed successfully,0
Normal network connection 8987 completed successfully,0
Normal network connection 7799 completed successfully,0
Normal network connection 5465 completed successfully,0
Normal network connection 1635 completed successfully,0
Normal network connection 2693 completed successfully,0
Normal network connection 5752 completed successfully,0
Normal network connection 9311 completed successfully,0
Normal network connection 1830 completed successfully,0
Normal network connection 6177 completed successfully,0
Normal network connection 9932 completed successfully,0
Normal network connection 9308 completed successfully,0
Normal network connection 6949 completed successfully,0
Normal network connection 3838 completed successfully,0
Normal network connection 2150 completed successfully,0
Normal network connection 8560 completed successfully,0
Normal network connection 2931 completed successfully,0
Normal network connection 2664 completed successfully,0
Normal network connection 2081 completed successfully,0
Normal network connection 1512 completed successfully,0
Normal network connection 8805 completed successfully,0
Normal network connection 6237 completed successfully,0
Normal network connection 1559 completed successfully,0
Normal network connection 4672 completed successfully,0
Normal network connection 8404 completed successfully,0
Normal network connection 4343 completed successfully,0
Normal network connection 5070 completed successfully,0
Normal network connection 1580 completed successfully,0
Normal network connection 8004 completed successfully,0
Normal network connection 9130 completed successfully,0
Normal network connection 4147 completed successfully,0
Normal network connection 5249 completed successfully,0
Normal network connection 2679 completed successfully,0
Normal network connection 4506 completed successfully,0
Normal network connection 8253 completed successfully,0
Normal network connection 3744 completed successfully,0
Normal network connection 6188 completed successfully,0
Normal network connection 3141 completed successfully,0
Normal network connection 7617 completed successfully,0
Normal network connection 3479 completed successfully,0
Normal network connection 7484 completed successfully,0
Normal network connection 8421 completed successfully,0
Normal network connection 5452 completed successfully,0
Normal network connection 6881 completed successfully,0
Normal network connection 7665 completed successfully,0
Normal network connection 3849 completed successfully,0
Normal network connection 8390 completed successfully,0
Normal network connection 7905 completed successfully,0
Normal network connection 3489 completed successfully,0
Normal network connection 5611 completed successfully,0
Normal network connection 3839 completed successfully,0
Normal network connection 9527 completed successfully,0
Normal network connection 6878 completed successfully,0
Normal network connection 7303 completed successfully,0
Normal network connection 1851 completed successfully,0
Normal network connection 2687 completed successfully,0
Normal network connection 7833 completed successfully,0
Normal network connection 3427 completed successfully,0
Normal network connection 5000 completed successfully,0
Normal network connection 6052 completed successfully,0
Normal network connection 3738 completed successfully,0
Normal network connection 6732 completed successfully,0
Normal network connection 6387 completed successfully,0
Normal network connection 9002 completed successfully,0
Normal network connection 6536 completed successfully,0
Normal network connection 4913 completed successfully,0
Normal network connection 2066 completed successfully,0
Normal network connection 8723 completed successfully,0
Normal network connection 5380 completed successfully,0
Normal network connection 5107 completed successfully,0
Normal network connection 6726 completed successfully,0
Normal network connection 4373 completed successfully,0
Normal network connection 9945 completed successfully,0
Normal network connection 3082 completed successfully,0
Normal network connection 9967 completed successfully,0
Normal network connection 7748 completed successfully,0
Normal network connection 1417 completed successfully,0
Normal network connection 9306 completed successfully,0
Normal network connection 9808 completed successfully,0
Normal network connection 4974 completed successfully,0
Normal network connection 4267 completed successfully,0
Normal network connection 1825 completed successfully,0
Normal network connection 8668 completed successfully,0
Normal network connection 6745 completed successfully,0
Normal network connection 1412 completed successfully,0
Normal network connection 8543 completed successfully,0
Normal network connection 8587 completed successfully,0
Normal network connection 1728 completed successfully,0
Normal network connection 8164 completed successfully,0
Normal network connection 9867 completed successfully,0
Normal network connection 6988 completed successfully,0
Normal network connection 3504 completed successfully,0
Normal network connection 3967 completed successfully,0
Normal network connection 3786 completed successfully,0
Normal network connection 2122 completed successfully,0
Normal network connection 5079 completed successfully,0
Normal network connection 2571 completed successfully,0
Normal network connection 6073 completed successfully,0
Normal network connection 6104 completed successfully,0
Normal network connection 3143 completed successfully,0
Normal network connection 7806 completed successfully,0
Normal network connection 8357 completed successfully,0
Normal network connection 4440 completed successfully,0
Normal network connection 4766 completed successfully,0
Normal network connection 6644 completed successfully,0
Normal network connection 3914 completed successfully,0
Normal network connection 5968 completed successfully,0
Normal network connection 6917 completed successfully,0
Normal network connection 9787 completed successfully,0
Normal network connection 1728 completed successfully,0
Normal network connection 2365 completed successfully,0
Normal network connection 5492 completed successfully,0
Normal network connection 1698 completed successfully,0
Normal network connection 8186 completed successfully,0
Normal network connection 1395 completed successfully,0
Normal network connection 8400 completed successfully,0
Normal network connection 9082 completed successfully,0
Normal network connection 5171 completed successfully,0
Normal network connection 5360 completed successfully,0
Normal network connection 3502 completed successfully,0
Normal network connection 1717 completed successfully,0
Normal network connection 3782 completed successfully,0
Normal network connection 5946 completed successfully,0
Normal network connection 6486 completed successfully,0
Normal network connection 9335 completed successfully,0
Normal network connection 5980 completed successfully,0
Normal network connection 8266 completed successfully,0
Normal network connection 5491 completed successfully,0
Normal network connection 8192 completed successfully,0
Normal network connection 6588 completed successfully,0
Normal network connection 8651 completed successfully,0
Normal network connection 4636 completed successfully,0
Normal network connection 2167 completed successfully,0
Normal network connection 2062 completed successfully,0
Normal network connection 3156 completed successfully,0
Normal network connection 8860 completed successfully,0
Normal network connection 6161 completed successfully,0
Normal network connection 6305 completed successfully,0
Normal network connection 7541 completed successfully,0
Normal network connection 5729 completed successfully,0
Normal network connection 8330 completed successfully,0
Normal network connection 6334 completed successfully,0
Normal network connection 9924 completed successfully,0
Normal network connection 5330 completed successfully,0
Normal network connection 9010 completed successfully,0
Normal network connection 7801 completed successfully,0
Normal network connection 5846 completed successfully,0
Normal network connection 7731 completed successfully,0
Normal network connection 8241 completed successfully,0
Normal network connection 1953 completed successfully,0
Normal network connection 3539 completed successfully,0
Normal network connection 8056 completed successfully,0
Normal network connection 2542 completed successfully,0
Normal network connection 6293 completed successfully,0
Normal network connection 2191 completed successfully,0
Normal network connection 7313 completed successfully,0
Normal network connection 7938 completed successfully,0
Normal network connection 3681 completed successfully,0
Normal network connection 2540 completed successfully,0
Normal network connection 7172 completed successfully,0
Normal network connection 6541 completed successfully,0
Normal network connection 2365 completed successfully,0
Normal network connection 9691 completed successfully,0
Normal network connection 9702 completed successfully,0
Normal network connection 8494 completed successfully,0
Normal network connection 5312 completed successfully,0
Normal network connection 2324 completed successfully,0
Normal network connection 4141 completed successfully,0
Normal network connection 8419 completed successfully,0
Normal network connection 4486 completed successfully,0
Normal network connection 2810 completed successfully,0
Normal network connection 7588 completed successfully,0
Normal network connection 3923 completed successfully,0
Normal network connection 6301 completed successfully,0
Normal network connection 5186 completed successfully,0
Normal network connection 9905 completed successfully,0
Normal network connection 6977 completed successfully,0
Normal network connection 5268 completed successfully,0
Normal network connection 5748 completed successfully,0
Normal network connection 5849 completed successfully,0
Normal network connection 4709 completed successfully,0
Normal network connection 7619 completed successfully,0
Normal network connection 9647 completed successfully,0
Normal network connection 4072 completed successfully,0
Normal network connection 7530 completed successfully,0
Normal network connection 1504 completed successfully,0
Normal network connection 2214 completed successfully,0
Normal network connection 2531 completed successfully,0
Normal network connection 8576 completed successfully,0
Normal network connection 1823 completed successfully,0
Normal network connection 1928 completed successfully,0
Normal network connection 6029 completed successfully,0
Normal network connection 1133 completed successfully,0
Normal network connection 3105 completed successfully,0
Normal network connection 4627 completed successfully,0
Normal network connection 7316 completed successfully,0
Normal network connection 2852 completed successfully,0
Normal network connection 5910 completed successfully,0
Normal network connection 5175 completed successfully,0
Normal network connection 6348 completed successfully,0
Normal network connection 7190 completed successfully,0
Normal network connection 2256 completed successfully,0
Normal network connection 4376 completed successfully,0
Normal network connection 6645 completed successfully,0
Normal network connection 4486 completed successfully,0
Normal network connection 4584 completed successfully,0
Normal network connection 9053 completed successfully,0
Normal network connection 4330 completed successfully,0
Normal network connection 3703 completed successfully,0
Normal network connection 9662 completed successfully,0
Normal network connection 9120 completed successfully,0
Normal network connection 8114 completed successfully,0
Normal network connection 2353 completed successfully,0
Normal network connection 6063 completed successfully,0
Normal network connection 9549 completed successfully,0
Normal network connection 8575 completed successfully,0
Normal network connection 1667 completed successfully,0
Normal network connection 5468 completed successfully,0
Normal network connection 7819 completed successfully,0
Normal network connection 4719 completed successfully,0
Normal network connection 3745 completed successfully,0
Normal network connection 8483 completed successfully,0
Normal network connection 1539 completed successfully,0
Normal network connection 5964 completed successfully,0
Normal network connection 5835 completed successfully,0
Normal network connection 4775 completed successfully,0
Normal network connection 7042 completed successfully,0
Normal network connection 8102 completed successfully,0
Normal network connection 8312 completed successfully,0
Normal network connection 6320 completed successfully,0
Normal network connection 7132 completed successfully,0
Normal network connection 8891 completed successfully,0
Normal network connection 3779 completed successfully,0
Normal network connection 1924 completed successfully,0
Normal network connection 2581 completed successfully,0
Normal network connection 8714 completed successfully,0
Normal network connection 4324 completed successfully,0
Normal network connection 6713 completed successfully,0
Normal network connection 8026 completed successfully,0
Normal network connection 1255 completed successfully,0
Normal network connection 5804 completed successfully,0
Normal network connection 2838 completed successfully,0
Normal network connection 1009 completed successfully,0
Normal network connection 3871 completed successfully,0
Normal network connection 9989 completed successfully,0
Normal network connection 8409 completed successfully,0
Normal network connection 8418 completed successfully,0
Normal network connection 6124 completed successfully,0
Normal network connection 2015 completed successfully,0
Normal network connection 3193 completed successfully,0
Normal network connection 9415 completed successfully,0
Normal network connection 8449 completed successfully,0
Normal network connection 5158 completed successfully,0
Normal network connection 4925 completed successfully,0
Normal network connection 7970 completed successfully,0
Normal network connection 7938 completed successfully,0
Normal network connection 5784 completed successfully,0
Normal network connection 5000 completed successfully,0
Normal network connection 2633 completed successfully,0
Normal network connection 8266 completed successfully,0
Normal network connection 9702 completed successfully,0
Normal network connection 1384 completed successfully,0
Normal network connection 1404 completed successfully,0
Normal network connection 9175 completed successfully,0
Normal network connection 3000 completed successfully,0
Normal network connection 6989 completed successfully,0
Normal network connection 2460 completed successfully,0
Normal network connection 8190 completed successfully,0
Normal network connection 8140 completed successfully,0
Normal network connection 4636 completed successfully,0
Normal network connection 5809 completed successfully,0
Normal network connection 5178 completed successfully,0
Normal network connection 8245 completed successfully,0
Normal network connection 7600 completed successfully,0
Normal network connection 6997 completed successfully,0
Normal network connection 3048 completed successfully,0
Normal network connection 5780 completed successfully,0
Normal network connection 1716 completed successfully,0
Normal network connection 8939 completed successfully,0
Normal network connection 6565 completed successfully,0
Normal network connection 5544 completed successfully,0
Normal network connection 5976 completed successfully,0
Normal network connection 4419 completed successfully,0
Normal network connection 8239 completed successfully,0
Normal network connection 1249 completed successfully,0
Normal network connection 9865 completed successfully,0
Normal network connection 1770 completed successfully,0
Normal network connection 5363 completed successfully,0
Normal network connection 2077 completed successfully,0
Normal network connection 9427 completed successfully,0
Normal network connection 9580 completed successfully,0
Normal network connection 8901 completed successfully,0
Normal network connection 5858 completed successfully,0
Normal network connection 7544 completed successfully,0
Normal network connection 5719 completed successfully,0
Normal network connection 3814 completed successfully,0
Normal network connection 4374 completed successfully,0
Normal network connection 2252 completed successfully,0
Normal network connection 7996 completed successfully,0
Normal network connection 5673 completed successfully,0
Normal network connection 5530 completed successfully,0
Normal network connection 7881 completed successfully,0
Normal network connection 7949 completed successfully,0
Normal network connection 7241 completed successfully,0
Normal network connection 9017 completed successfully,0
Normal network connection 7941 completed successfully,0
Normal network connection 8002 completed successfully,0
Normal network connection 2331 completed successfully,0
Normal network connection 5261 completed successfully,0
Normal network connection 8648 completed successfully,0
Normal network connection 6115 completed successfully,0
Normal network connection 5637 completed successfully,0
Normal network connection 5854 completed successfully,0
Normal network connection 4177 completed successfully,0
Normal network connection 8730 completed successfully,0
Normal network connection 3180 completed successfully,0
Normal network connection 5892 completed successfully,0
Normal network connection 8043 completed successfully,0
Normal network connection 1137 completed successfully,0
Normal network connection 7327 completed successfully,0
Normal network connection 4472 completed successfully,0
Normal network connection 6449 completed successfully,0
Normal network connection 3832 completed successfully,0
Normal network connection 4579 completed successfully,0
Normal network connection 6971 completed successfully,0
Normal network connection 5164 completed successfully,0
Normal network connection 8941 completed successfully,0
Normal network connection 6569 completed successfully,0
Normal network connection 5300 completed successfully,0
Normal network connection 7269 completed successfully,0
Normal network connection 4818 completed successfully,0
Normal network connection 2906 completed successfully,0
Normal network connection 7254 completed successfully,0
Normal network connection 1760 completed successfully,0
Normal network connection 8830 completed successfully,0
Normal network connection 8350 completed successfully,0
Normal network connection 7238 completed successfully,0
Normal network connection 7090 completed successfully,0
Normal network connection 7031 completed successfully,0
Normal network connection 8687 completed successfully,0
Normal network connection 9472 completed successfully,0
Normal network connection 2887 completed successfully,0
Normal network connection 4266 completed successfully,0
Normal network connection 1666 completed successfully,0
Normal network connection 5188 completed successfully,0
Normal network connection 1671 completed successfully,0
Normal network connection 7777 completed successfully,0
Normal network connection 8570 completed successfully,0
Suspicious activity detected in connection 8956,1
Suspicious activity detected in connection 6124,1
Suspicious activity detected in connection 6585,1
Suspicious activity detected in connection 5777,1
Suspicious activity detected in connection 4900,1
Suspicious activity detected in connection 7677,1
Suspicious activity detected in connection 7981,1
Suspicious activity detected in connection 7376,1
Suspicious activity detected in connection 1523,1
Suspicious activity detected in connection 3393,1
Suspicious activity detected in connection 3593,1
Suspicious activity detected in connection 8240,1
Suspicious activity detected in connection 7937,1
Suspicious activity detected in connection 7190,1
Suspicious activity detected in connection 6240,1
Suspicious activity detected in connection 7493,1
Suspicious activity detected in connection 3878,1
Suspicious activity detected in connection 5143,1
Suspicious activity detected in connection 4644,1
Suspicious activity detected in connection 5432,1
Suspicious activity detected in connection 2276,1
Suspicious activity detected in connection 6811,1
Suspicious activity detected in connection 1302,1
Suspicious activity detected in connection 1638,1
Suspicious activity detected in connection 1055,1
Suspicious activity detected in connection 9717,1
Suspicious activity detected in connection 9150,1
Suspicious activity detected in connection 3125,1
Suspicious activity detected in connection 1364,1
Suspicious activity detected in connection 7809,1
Suspicious activity detected in connection 5621,1
Suspicious activity detected in connection 6126,1
Suspicious activity detected in connection 6122,1
Suspicious activity detected in connection 2646,1
Suspicious activity detected in connection 1918,1
Suspicious activity detected in connection 3797,1
Suspicious activity detected in connection 7506,1
Suspicious activity detected in connection 6870,1
Suspicious activity detected in connection 2531,1
Suspicious activity detected in connection 9172,1
Suspicious activity detected in connection 4345,1
Suspicious activity detected in connection 8673,1
Suspicious activity detected in connection 7949,1
Suspicious activity detected in connection 7882,1
Suspicious activity detected in connection 2906,1
Suspicious activity detected in connection 4086,1
Suspicious activity detected in connection 9152,1
Suspicious activity detected in connection 6750,1
Suspicious activity detected in connection 9905,1
Suspicious activity detected in connection 2062,1
Suspicious activity detected in connection 2976,1
Suspicious activity detected in connection 2296,1
Suspicious activity detected in connection 7229,1
Suspicious activity detected in connection 8641,1
Suspicious activity detected in connection 1125,1
Suspicious activity detected in connection 5632,1
Suspicious activity detected in connection 7288,1
Suspicious activity detected in connection 4596,1
Suspicious activity detected in connection 7168,1
Suspicious activity detected in connection 8561,1
Suspicious activity detected in connection 9258,1
Suspicious activity detected in connection 1232,1
Suspicious activity detected in connection 7371,1
Suspicious activity detected in connection 5206,1
Suspicious activity detected in connection 8943,1
Suspicious activity detected in connection 7891,1
Suspicious activity detected in connection 7738,1
Suspicious activity detected in connection 3472,1
Suspicious activity detected in connection 3739,1
Suspicious activity detected in connection 6401,1
Suspicious activity detected in connection 2761,1
Suspicious activity detected in connection 1876,1
Suspicious activity detected in connection 4812,1
Suspicious activity detected in connection 2460,1
Suspicious activity detected in connection 2733,1
Suspicious activity detected in connection 2605,1
Suspicious activity detected in connection 6622,1
Suspicious activity detected in connection 7767,1
Suspicious activity detected in connection 7986,1
Suspicious activity detected in connection 4517,1
Suspicious activity detected in connection 4735,1
Suspicious activity detected in connection 9434,1
Suspicious activity detected in connection 3590,1
Suspicious activity detected in connection 2063,1
Suspicious activity detected in connection 5324,1
Suspicious activity detected in connection 6342,1
Suspicious activity detected in connection 1005,1
Suspicious activity detected in connection 8489,1
Suspicious activity detected in connection 9659,1
Suspicious activity detected in connection 9195,1
Suspicious activity detected in connection 6966,1
Suspicious activity detected in connection 9837,1
Suspicious activity detected in connection 1117,1
Suspicious activity detected in connection 3551,1
Suspicious activity detected in connection 6560,1
Suspicious activity detected in connection 5289,1
Suspicious activity detected in connection 1846,1
Suspicious activity detected in connection 7316,1
Suspicious activity detected in connection 7469,1
Suspicious activity detected in connection 9915,1
Suspicious activity detected in connection 1224,1
Suspicious activity detected in connection 5208,1
Suspicious activity detected in connection 7283,1
Suspicious activity detected in connection 3048,1
Suspicious activity detected in connection 7233,1
Suspicious activity detected in connection 2828,1
Suspicious activity detected in connection 2917,1
Suspicious activity detected in connection 5234,1
Suspicious activity detected in connection 7988,1
Suspicious activity detected in connection 3026,1
Suspicious activity detected in connection 4744,1
Suspicious activity detected in connection 1009,1
Suspicious activity detected in connection 1260,1
Suspicious activity detected in connection 7038,1
Suspicious activity detected in connection 3219,1
Suspicious activity detected in connection 8041,1
Suspicious activity detected in connection 3060,1
Suspicious activity detected in connection 6287,1
Suspicious activity detected in connection 2619,1
Suspicious activity detected in connection 9512,1
Suspicious activity detected in connection 2342,1
Suspicious activity detected in connection 3832,1
Suspicious activity detected in connection 3824,1
Suspicious activity detected in connection 2994,1
Suspicious activity detected in connection 4490,1
Suspicious activity detected in connection 8984,1
Suspicious activity detected in connection 2604,1
Suspicious activity detected in connection 1235,1
Suspicious activity detected in connection 2908,1
Suspicious activity detected in connection 9567,1
Suspicious activity detected in connection 4530,1
Suspicious activity detected in connection 6256,1
Suspicious activity detected in connection 3635,1
Suspicious activity detected in connection 9162,1
Suspicious activity detected in connection 3560,1
Suspicious activity detected in connection 6415,1
Suspicious activity detected in connection 4391,1
Suspicious activity detected in connection 6951,1
Suspicious activity detected in connection 6468,1
Suspicious activity detected in connection 9007,1
Suspicious activity detected in connection 7413,1
Suspicious activity detected in connection 7941,1
Suspicious activity detected in connection 5820,1
Suspicious activity detected in connection 3898,1
Suspicious activity detected in connection 8546,1
Suspicious activity detected in connection 1077,1
Suspicious activity detected in connection 8577,1
Suspicious activity detected in connection 5227,1
Suspicious activity detected in connection 1600,1
Suspicious activity detected in connection 2065,1
Suspicious activity detected in connection 3136,1
Suspicious activity detected in connection 7943,1
Suspicious activity detected in connection 8804,1
Suspicious activity detected in connection 7565,1
Suspicious activity detected in connection 6984,1
Suspicious activity detected in connection 6142,1
Suspicious activity detected in connection 5670,1
Suspicious activity detected in connection 3190,1
Suspicious activity detected in connection 3712,1
Suspicious activity detected in connection 3192,1
Suspicious activity detected in connection 2248,1
Suspicious activity detected in connection 5033,1
Suspicious activity detected in connection 2997,1
Suspicious activity detected in connection 4687,1
Suspicious activity detected in connection 5018,1
Suspicious activity detected in connection 2970,1
Suspicious activity detected in connection 9389,1
Suspicious activity detected in connection 6765,1
Suspicious activity detected in connection 2202,1
Suspicious activity detected in connection 9135,1
Suspicious activity detected in connection 6567,1
Suspicious activity detected in connection 8667,1
Suspicious activity detected in connection 6742,1
Suspicious activity detected in connection 6788,1
Suspicious activity detected in connection 6408,1
Suspicious activity detected in connection 9669,1
Suspicious activity detected in connection 1922,1
Suspicious activity detected in connection 1419,1
Suspicious activity detected in connection 3204,1
Suspicious activity detected in connection 2120,1
Suspicious activity detected in connection 1950,1
Suspicious activity detected in connection 3336,1
Suspicious activity detected in connection 6373,1
Suspicious activity detected in connection 3243,1
Suspicious activity detected in connection 3645,1
Suspicious activity detected in connection 5612,1
Suspicious activity detected in connection 2865,1
Suspicious activity detected in connection 7028,1
Suspicious activity detected in connection 8326,1
Suspicious activity detected in connection 7371,1
Suspicious activity detected in connection 7359,1
Suspicious activity detected in connection 8863,1
Suspicious activity detected in connection 4228,1
Suspicious activity detected in connection 4719,1
Suspicious activity detected in connection 3371,1
Suspicious activity detected in connection 3891,1
Suspicious activity detected in connection 4756,1
Suspicious activity detected in connection 5225,1
Suspicious activity detected in connection 1094,1
Suspicious activity detected in connection 3674,1
Suspicious activity detected in connection 7898,1
Suspicious activity detected in connection 1793,1
Suspicious activity detected in connection 3116,1
Suspicious activity detected in connection 6779,1
Suspicious activity detected in connection 7166,1
Suspicious activity detected in connection 1814,1
Suspicious activity detected in connection 1345,1
Suspicious activity detected in connection 9554,1
Suspicious activity detected in connection 3443,1
Suspicious activity detected in connection 8783,1
Suspicious activity detected in connection 1984,1
Suspicious activity detected in connection 8790,1
Suspicious activity detected in connection 1827,1
Suspicious activity detected in connection 4531,1
Suspicious activity detected in connection 8147,1
Suspicious activity detected in connection 5451,1
Suspicious activity detected in connection 4876,1
Suspicious activity detected in connection 6959,1
Suspicious activity detected in connection 1126,1
Suspicious activity detected in connection 4177,1
Suspicious activity detected in connection 9795,1
Suspicious activity detected in connection 7024,1
Suspicious activity detected in connection 6109,1
Suspicious activity detected in connection 5146,1
Suspicious activity detected in connection 8196,1
Suspicious activity detected in connection 4368,1
Suspicious activity detected in connection 4797,1
Suspicious activity detected in connection 2792,1
Suspicious activity detected in connection 6732,1
Suspicious activity detected in connection 4476,1
Suspicious activity detected in connection 4417,1
Suspicious activity detected in connection 2645,1
Suspicious activity detected in connection 4030,1
Suspicious activity detected in connection 3872,1
Suspicious activity detected in connection 4072,1
Suspicious activity detected in connection 2854,1
Suspicious activity detected in connection 5021,1
Suspicious activity detected in connection 5662,1
Suspicious activity detected in connection 7514,1
Suspicious activity detected in connection 6031,1
Suspicious activity detected in connection 3708,1
Suspicious activity detected in connection 8112,1
Suspicious activity detected in connection 9393,1
Suspicious activity detected in connection 4507,1
Suspicious activity detected in connection 7456,1
Suspicious activity detected in connection 5212,1
Suspicious activity detected in connection 8970,1
Suspicious activity detected in connection 9766,1
Suspicious activity detected in connection 1536,1
Suspicious activity detected in connection 2625,1
Suspicious activity detected in connection 8973,1
Suspicious activity detected in connection 9577,1
Suspicious activity detected in connection 9070,1
Suspicious activity detected in connection 9666,1
Suspicious activity detected in connection 9609,1
Suspicious activity detected in connection 7490,1
Suspicious activity detected in connection 4600,1
Suspicious activity detected in connection 7783,1
Suspicious activity detected in connection 5971,1
Suspicious activity detected in connection 2205,1
Suspicious activity detected in connection 2990,1
Suspicious activity detected in connection 6299,1
Suspicious activity detected in connection 4572,1
Suspicious activity detected in connection 6975,1
Suspicious activity detected in connection 7320,1
Suspicious activity detected in connection 5380,1
Suspicious activity detected in connection 5757,1
Suspicious activity detected in connection 3713,1
Suspicious activity detected in connection 6588,1
Suspicious activity detected in connection 1966,1
Suspicious activity detected in connection 5944,1
Suspicious activity detected in connection 4432,1
Suspicious activity detected in connection 1688,1
Suspicious activity detected in connection 5243,1
Suspicious activity detected in connection 4701,1
Suspicious activity detected in connection 9533,1
Suspicious activity detected in connection 6182,1
Suspicious activity detected in connection 7704,1
Suspicious activity detected in connection 5422,1
Suspicious activity detected in connection 2759,1
Suspicious activity detected in connection 3482,1
Suspicious activity detected in connection 9058,1
Suspicious activity detected in connection 1951,1
Suspicious activity detected in connection 9914,1
Suspicious activity detected in connection 3079,1
Suspicious activity detected in connection 3717,1
Suspicious activity detected in connection 5524,1
Suspicious activity detected in connection 9477,1
Suspicious activity detected in connection 8311,1
Suspicious activity detected in connection 8186,1
Suspicious activity detected in connection 3065,1
Suspicious activity detected in connection 1768,1
Suspicious activity detected in connection 6490,1
Suspicious activity detected in connection 7645,1
Suspicious activity detected in connection 6083,1
Suspicious activity detected in connection 6232,1
Suspicious activity detected in connection 6797,1
Suspicious activity detected in connection 5926,1
Suspicious activity detected in connection 7016,1
Suspicious activity detected in connection 4335,1
